name_id,keywords,description
Mentee_1,"['precipitations', 'sea level rise', 'paleoclimate', 'heatwaves', 'climate future']","Hi there! I like topics like precipitations, sea level rise, and paleoclimate. My journey in these fields has led me to fascinating insights about heatwaves and how it affects us all. I love diving into the complexities of climate future and figuring out creative solutions. Sharing my experiences and learning from others in this field is what drives me. Let's explore these amazing topics together and make a difference!"
Mentee_2,"['paleoclimate', 'sea level rise', 'IPCC', 'climate system', 'atmosphere reanalysis']","Hi there! I'm deeply passionate about topics like paleoclimate, sea level rise, and IPCC. My journey in these fields has led me to fascinating insights about climate system and how it affects us all. I love diving into the complexities of atmosphere reanalysis and figuring out creative solutions. Sharing my experiences and learning from others in this field is what drives me. Let's explore these amazing topics together and make a difference!"
Mentee_3,"['extremes and vulnerability', 'ocean acidification', 'climate data', 'ocean reanalysis', 'IPCC']","Hi there! I would like to study extremes and vulnerability, ocean acidification, and climate data. My journey in these fields has led me to fascinating insights about ocean reanalysis and how it affects us all. I love diving into the complexities of IPCC and figuring out creative solutions. Sharing my experiences and learning from others in this field is what drives me. Let's explore these amazing topics together and make a difference!"
Mentee_4,"['paleoclimate', 'climate system', 'sea level rise', 'adaptation and impact', 'atmosphere reanalysis']","Hi there! I'm deeply passionate about topics like paleoclimate, climate system, and sea level rise. My journey in these fields has led me to fascinating insights about adaptation and impact and how it affects us all. I love diving into the complexities of atmosphere reanalysis and figuring out creative solutions. Sharing my experiences and learning from others in this field is what drives me. Let's explore these amazing topics together and make a difference!"
Mentee_5,"['sea level rise', 'climate data', 'IPCC', 'paleoclimate', 'climate modeling']","Sam's study in "climate modeling" delves into creating high-resolution models to better predict regional climate changes and inform local policy decisions."
Mentee_6,"['heatwaves', 'adaptation and impact', 'wildfires', 'atmosphere reanalysis', 'sea level rise']","Hi there! I'm deeply passionate about topics like heatwaves, adaptation and impact, and wildfires. My journey in these fields has led me to fascinating insights about atmosphere reanalysis and how it affects us all. I love diving into the complexities of sea level rise and figuring out creative solutions. Sharing my experiences and learning from others in this field is what drives me. Let's explore these amazing topics together and make a difference!"
Mentee_7,"['heatwaves', 'climate data', 'land use', 'extremes and vulnerability', 'climate future']","Hi there! I'm deeply passionate about topics like heatwaves, climate data, and land use. My journey in these fields has led me to fascinating insights about extremes and vulnerability and how it affects us all. I love diving into the complexities of climate future and figuring out creative solutions. Sharing my experiences and learning from others in this field is what drives me. Let's explore these amazing topics together and make a difference!"
Mentee_8,"['adaptation and impact', 'heatwaves', 'climate future', 'IPCC', 'extremes and vulnerability']","Hi there! I'm deeply passionate about topics like adaptation and impact, heatwaves, and climate future. My journey in these fields has led me to fascinating insights about IPCC and how it affects us all. I love diving into the complexities of extremes and vulnerability and figuring out creative solutions. Sharing my experiences and learning from others in this field is what drives me. Let's explore these amazing topics together and make a difference!"
Mentee_9,"['ocean acidification', 'atmosphere reanalysis', 'paleoclimate', 'land use', 'extremes and vulnerability']","Hi there! I'm deeply passionate about topics like ocean acidification, atmosphere reanalysis, and paleoclimate. My journey in these fields has led me to fascinating insights about land use and how it affects us all. I love diving into the complexities of extremes and vulnerability and figuring out creative solutions. Sharing my experiences and learning from others in this field is what drives me. Let's explore these amazing topics together and make a difference!"
Mentee_10,"['ocean reanalysis', 'climate modeling', 'heatwaves', 'ENSO', 'ocean acidification']","Catherine's interest in ocean reanalysis involves analyzing historical oceanic data to understand long-term changes in ocean currents and temperatures and their impact on global climate."
Mentee_11,"['climate future', 'atmosphere reanalysis', 'ENSO', 'paleoclimate', 'wildfires']","Hi there! I'm interested about topics like climate future, atmosphere reanalysis, and ENSO. My journey in these fields has led me to fascinating insights about paleoclimate and how it affects us all. I love diving into the complexities of wildfires and figuring out creative solutions. Sharing my experiences and learning from others in this field is what drives me. Let's explore these amazing topics together and make a difference!"
Mentee_12,"['paleoclimate', 'climate response', 'precipitations', 'climate data', 'atmosphere reanalysis']","Hi there! I'm deeply passionate about topics like paleoclimate, climate response, and precipitations. My journey in these fields has led me to fascinating insights about climate data and how it affects us all. I love diving into the complexities of atmosphere reanalysis and figuring out creative solutions. Sharing my experiences and learning from others in this field is what drives me. Let's explore these amazing topics together and make a difference!"
Mentee_13,"['paleoclimate', 'atmosphere reanalysis', 'ocean acidification', 'climate data', 'climate modeling']","Hi there! I'm deeply passionate about topics like paleoclimate, atmosphere reanalysis, and ocean acidification. My journey in these fields has led me to fascinating insights about climate data and how it affects us all. I love diving into the complexities of climate modeling and figuring out creative solutions. Sharing my experiences and learning from others in this field is what drives me. Let's explore these amazing topics together and make a difference!"
Mentee_14,"['IPCC', 'ENSO', 'climate modeling', 'heatwaves', 'climate response']","Hi there! I'm deeply passionate about topics like IPCC, ENSO, and climate modeling. My journey in these fields has led me to fascinating insights about heatwaves and how it affects us all. I love diving into the complexities of climate response and figuring out creative solutions. Sharing my experiences and learning from others in this field is what drives me. Let's explore these amazing topics together and make a difference!"
Mentee_15,"['climate future', 'sea level rise', 'ocean acidification', 'adaptation and impact', 'wildfires']"," I'm deeply passionate about topics like climate future, sea level rise, and ocean acidification. My journey in these fields has led me to fascinating insights about adaptation and impact and how it affects us all. I love diving into the complexities of wildfires and figuring out creative solutions. Sharing my experiences and learning from others in this field is what drives me. Let's explore these amazing topics together and make a difference!"
Mentee_16,"['adaptation and impact', 'atmosphere reanalysis', 'wildfires', 'extremes and vulnerability', 'climate future']","Hi there! I'm deeply passionate about topics like adaptation and impact, atmosphere reanalysis, and wildfires. My journey in these fields has led me to fascinating insights about extremes and vulnerability and how it affects us all. I love diving into the complexities of climate future and figuring out creative solutions. Sharing my experiences and learning from others in this field is what drives me. Let's explore these amazing topics together and make a difference!"
Mentee_17,"['adaptation and impact', 'climate future', 'land use', 'ENSO', 'ocean reanalysis']","Hi there! I'm deeply passionate about topics like adaptation and impact, climate future, and land use. My journey in these fields has led me to fascinating insights about ENSO and how it affects us all. I love diving into the complexities of ocean reanalysis and figuring out creative solutions. Sharing my experiences and learning from others in this field is what drives me. Let's explore these amazing topics together and make a difference!"
Mentee_18,"['heatwaves', 'land use', 'precipitations', 'climate system', 'IPCC']","Bob, a PhD candidate, is investigating the climate system, exploring how various components like the atmosphere, hydrosphere, and biosphere interact and influence global climate patterns" 
Mentee_19,"['climate future', 'precipitations', 'paleoclimate', 'climate response', 'adaptation and impact']","William's passion for paleoclimate leads him to investigate ancient climates through sediment analysis, providing insights into Earth's climatic shifts over geological timescales."
Mentee_20,"['atmosphere reanalysis', 'ocean acidification', 'climate future', 'extremes and vulnerability', 'ocean reanalysis']","Frank's work on extremes and vulnerability examines how climate extremes like droughts and floods impact vulnerable communities and ecosystems, emphasizing the need for resilience strategies."
Mentee_21,"['extremes and vulnerability', 'climate system', 'climate response', 'paleoclimate', 'land use']","Hi everyone! I'm deeply passionate about topics like extremes and vulnerability, climate system, and climate response. My journey in these fields has led me to fascinating insights about paleoclimate and how it affects us all. I love diving into the complexities of land use and figuring out creative solutions. Sharing my experiences and learning from others in this field is what drives me. Let's explore these amazing topics together and make a difference!"
Mentee_22,"['climate data', 'ocean reanalysis', 'climate future', 'climate response', 'precipitations']","Hi there! I'm deeply passionate about topics like climate data, ocean reanalysis, and climate future. My journey in these fields has led me to fascinating insights about climate response and how it affects us all. I love diving into the complexities of precipitations and figuring out creative solutions. Sharing my experiences and learning from others in this field is what drives me. Let's explore these amazing topics together and make a difference!"
Mentee_23,"['sea level rise', 'ocean acidification', 'climate modeling', 'wildfires', 'IPCC']","Mia's research on wildfires investigates their relationship with climate change, studying how altered weather patterns contribute to their severity and distribution."
Mentee_24,"['heatwaves', 'paleoclimate', 'atmosphere reanalysis', 'wildfires', 'ocean reanalysis']","Hi my name is Mark! I'm deeply passionate about topics like heatwaves, paleoclimate, and atmosphere reanalysis. My journey in these fields has led me to fascinating insights about wildfires and how it affects us all. I love diving into the complexities of ocean reanalysis and figuring out creative solutions. Sharing my experiences and learning from others in this field is what drives me. Let's explore these amazing topics together and make a difference!"
Mentee_25,"['climate system', 'adaptation and impact', 'ocean acidification', 'climate modeling', 'land use']","Hi there! I'm deeply passionate about topics like climate system, adaptation and impact, and ocean acidification. My journey in these fields has led me to fascinating insights about climate modeling and how it affects us all. I love diving into the complexities of land use and figuring out creative solutions. Sharing my experiences and learning from others in this field is what drives me. Let's explore these amazing topics together and make a difference!"
Mentee_26,"['climate future', 'ocean reanalysis', 'climate system', 'precipitations', 'ENSO']","Ciao! I'm deeply passionate about topics like climate future, ocean reanalysis, and climate system. My journey in these fields has led me to fascinating insights about precipitations and how it affects us all. I love diving into the complexities of ENSO and figuring out creative solutions. Sharing my experiences and learning from others in this field is what drives me. Let's explore these amazing topics together and make a difference!"
Mentee_27,"['ocean reanalysis', 'heatwaves', 'climate modeling', 'wildfires', 'ocean acidification']","Hi there! I'm deeply passionate about topics like ocean reanalysis, heatwaves, and climate modeling. My journey in these fields has led me to fascinating insights about wildfires and how it affects us all. I love diving into the complexities of ocean acidification and figuring out creative solutions. Sharing my experiences and learning from others in this field is what drives me. Let's explore these amazing topics together and make a difference!"
Mentee_28,"['extremes and vulnerability', 'precipitations', 'ocean reanalysis', 'heatwaves', 'climate modeling']","Hi there! I'm deeply passionate about topics like extremes and vulnerability, precipitations, and ocean reanalysis. My journey in these fields has led me to fascinating insights about heatwaves and how it affects us all. I love diving into the complexities of climate modeling and figuring out creative solutions. Sharing my experiences and learning from others in this field is what drives me. Let's explore these amazing topics together and make a difference!"
Mentee_29,"['climate response', 'heatwaves', 'paleoclimate', 'land use', 'ENSO']","Olivia's focus on "ENSO" (El Ni√±o-Southern Oscillation) involves studying its effects on global weather patterns and its role in climate variability."
Mentee_30,"['land use', 'IPCC', 'wildfires', 'ocean reanalysis', 'adaptation and impact']","Henry is deeply involved with IPCC reports, contributing to global assessments that shape our understanding of climate change and inform policy decisions."
Mentee_31,"['climate data', 'atmosphere reanalysis', 'land use', 'climate system', 'extremes and vulnerability']","Hi there! I'm deeply passionate about topics like climate data, atmosphere reanalysis, and land use. My journey in these fields has led me to fascinating insights about climate system and how it affects us all. I love diving into the complexities of extremes and vulnerability and figuring out creative solutions. Sharing my experiences and learning from others in this field is what drives me. Let's explore these amazing topics together and make a difference!"
Mentee_32,"['climate system', 'ocean reanalysis', 'climate data', 'atmosphere reanalysis', 'ocean acidification']","Hello! I'm deeply passionate about topics like climate system, ocean reanalysis, and climate data. My journey in these fields has led me to fascinating insights about atmosphere reanalysis and how it affects us all. I love diving into the complexities of ocean acidification and figuring out creative solutions. Sharing my experiences and learning from others in this field is what drives me. Let's explore these amazing topics together and make a difference!"
